{"cameraMode":{"drawMode":0,"name":"Shaded","section":"Shading Mode"},"sceneLighting":false,"audioPlay":false,"sceneViewState":{"showFog":true,"showMaterialUpdate":false,"showSkybox":true,"showFlares":true,"showImageEffects":true,"showParticleSystems":true},"in2DMode":false,"pivot":{"x":-0.2594500184059143,"y":1.2620587348937989,"z":8.526619911193848},"rotation":{"x":0.7298485040664673,"y":-0.0020507238805294039,"z":0.0021900380961596967,"w":0.683607280254364},"size":17.51718521118164,"orthographic":true}